{
  "train_point_loss": [
    853.1991505270032,
    138.3414011385249,
    140.51794737680206,
    140.91227465285652,
    142.79083008601748,
    140.53360144605583,
    142.66535951796618,
    138.15229931165433,
    139.37903260259793,
    139.9543718630555,
    141.246616487873,
    140.58853907454974,
    139.39180935765134,
    142.6534841094894,
    142.24429122504148,
    142.67278675991912,
    139.96421960784102,
    138.70228265414292,
    140.79962037829148,
    138.9637381862635,
    139.8708840498979,
    143.41465839127014,
    144.28070952974517,
    141.43525522913055,
    141.4355696785724,
    140.94660540182014,
    137.7679044892048,
    139.14120419032272,
    140.94149336801178,
    141.53216456887367,
    141.3357855982479,
    137.3641014129951,
    138.93727743899686,
    138.42829300035007,
    139.6148548992886,
    140.87956733162375,
    141.24342810970614,
    140.66157798691728,
    138.5095429684239,
    137.75619331139256,
    138.66910384269966,
    142.86415657229807,
    138.720987506639,
    140.8916819222357,
    137.64929860761796,
    140.2434749884167,
    140.79953075893994,
    138.57870546223103,
    140.31117576943046,
    139.7474190106337
  ],
  "train_mask_loss": [
    0.24476041225181228,
    0.21189238781901612,
    0.20705620173750253,
    0.20560555588239912,
    0.20696709450634046,
    0.20462164385565396,
    0.2047357345106958,
    0.20399686745528517,
    0.2045453929010479,
    0.2041428923264317,
    0.2031371701380302,
    0.20236611040844316,
    0.20339045202595063,
    0.20328543806213073,
    0.20243148676965428,
    0.2039320343869856,
    0.20491143256083302,
    0.20277912811986332,
    0.20189957731756672,
    0.20360978769844976,
    0.2017010356160416,
    0.20205415117329564,
    0.20112786964438428,
    0.20316969937291637,
    0.20007656154961423,
    0.19961989011572695,
    0.20050523849739427,
    0.19787005532061916,
    0.19863745655821657,
    0.19731173004912234,
    0.19632029207958573,
    0.19589836415888248,
    0.19413517843717817,
    0.18917143362006922,
    0.18737957395356278,
    0.1871534955912623,
    0.18485395593204718,
    0.17909601981612458,
    0.17739378052881394,
    0.1762066217160773,
    0.1697430514741218,
    0.17299708501360883,
    0.16919083019782757,
    0.17062040683866916,
    0.16554707203103208,
    0.16483294312981353,
    0.16515653083721796,
    0.163344861447126,
    0.1643933718060625,
    0.16076136329050722
  ],
  "val_point_loss": [
    95.58614654839039,
    95.58614654839039,
    95.58614654839039,
    95.58614654839039,
    95.58614654839039,
    95.58614654839039,
    95.58614654839039,
    95.58614654839039,
    95.58614654839039,
    95.58614654839039,
    95.58614654839039,
    95.58614654839039,
    95.58614654839039,
    95.58614654839039,
    95.58614654839039,
    95.58614654839039,
    95.58614654839039,
    95.58614654839039,
    95.58614654839039,
    95.58614654839039,
    95.58614654839039,
    95.58614654839039,
    95.58614654839039,
    95.58614654839039,
    95.58614654839039,
    95.58614654839039,
    95.58614654839039,
    95.58614654839039,
    95.58614654839039,
    95.58614654839039,
    95.58614654839039,
    95.58614654839039,
    95.58614654839039,
    95.58614654839039,
    95.58614654839039,
    95.58614654839039,
    95.58614654839039,
    95.58614654839039,
    95.58614654839039,
    95.58614654839039,
    95.58614654839039,
    95.58614654839039,
    95.58614654839039,
    95.58614654839039,
    95.58614654839039,
    95.58614654839039,
    95.58614654839039,
    95.58614654839039,
    95.58614654839039,
    95.58614654839039
  ],
  "val_mask_loss": [
    0.2039063200354576,
    0.20403480976819993,
    0.20417540073394774,
    0.19819263517856597,
    0.2012933000922203,
    0.20150305181741715,
    0.19988173246383667,
    0.19954579472541809,
    0.2017026051878929,
    0.1973821297287941,
    0.20189059972763063,
    0.19828871339559556,
    0.1972643628716469,
    0.20227857679128647,
    0.19903671145439147,
    0.19808232933282852,
    0.19702294021844863,
    0.2003931313753128,
    0.20283376127481462,
    0.2003644436597824,
    0.20081785917282105,
    0.19715865403413774,
    0.19693538099527358,
    0.19906074106693267,
    0.19786617010831833,
    0.1983564853668213,
    0.1934626057744026,
    0.1944493308663368,
    0.19418373703956604,
    0.19339030832052231,
    0.1915411427617073,
    0.19098155051469803,
    0.18701530247926712,
    0.18664145916700364,
    0.1887592628598213,
    0.18439346551895142,
    0.1817426010966301,
    0.17925666123628617,
    0.219320248067379,
    0.17220204323530197,
    0.16963098794221879,
    0.16521806120872498,
    0.17925284057855606,
    0.16828326284885406,
    0.16204265356063843,
    0.17296405285596847,
    0.161779223382473,
    0.21794698536396026,
    0.16167935281991958,
    0.16926958411931992
  ]
}