{
  "summary_statistics": {
    "30": {
      "l2": {
        "mean": 0.24625956217447917,
        "std": 0.04475037860580707,
        "ci": [
          0.22060782381589805,
          0.2719113005330603
        ]
      },
      "ssim": {
        "mean": 0.56453998026803,
        "std": 0.06552480293174824,
        "ci": [
          0.5269799605951533,
          0.6020999999409067
        ]
      },
      "time": {
        "mean": 10.07862491607666,
        "std": 4.423847558165915,
        "ci": [
          7.542794301101835,
          12.614455531051483
        ]
      }
    },
    "75": {
      "l2": {
        "mean": 0.241717529296875,
        "std": 0.04472908765280677,
        "ci": [
          0.21607799530332464,
          0.2673570632904254
        ]
      },
      "ssim": {
        "mean": 0.5749839767980317,
        "std": 0.0632271619785389,
        "ci": [
          0.5387410070900918,
          0.6112269465059716
        ]
      },
      "time": {
        "mean": 26.771147632598876,
        "std": 11.397477342866257,
        "ci": [
          20.237904432079397,
          33.304390833118354
        ]
      }
    },
    "150": {
      "l2": {
        "mean": 0.23927001953125,
        "std": 0.042273130608335735,
        "ci": [
          0.2150382851918574,
          0.26350175387064256
        ]
      },
      "ssim": {
        "mean": 0.5836552943054255,
        "std": 0.06008608908312741,
        "ci": [
          0.5492128452319159,
          0.6180977433789351
        ]
      },
      "time": {
        "mean": 55.07866177558899,
        "std": 24.152793206370283,
        "ci": [
          41.23383741295605,
          68.92348613822193
        ]
      }
    }
  },
  "pairwise_comparisons": [
    {
      "method1": "30 steps",
      "method2": "150 steps",
      "t_statistic": 3.7459726017042,
      "p_value": 0.002170605336786827,
      "significant": true,
      "significance_level": "**",
      "cohens_d": 0.967205966783309,
      "effect_size": "large",
      "mean_diff": 0.006989542643229167,
      "mean_diff_pct": 2.9211944968794112
    },
    {
      "method1": "30 steps",
      "method2": "75 steps",
      "t_statistic": 3.8811248656605652,
      "p_value": 0.0016623988164376582,
      "significant": true,
      "significance_level": "**",
      "cohens_d": 1.002102131283658,
      "effect_size": "large",
      "mean_diff": 0.004542032877604167,
      "mean_diff_pct": 1.8790664006935502
    },
    {
      "method1": "75 steps",
      "method2": "150 steps",
      "t_statistic": 1.8180815739168599,
      "p_value": 0.0905079928624164,
      "significant": false,
      "significance_level": "ns",
      "cohens_d": 0.4694266438551044,
      "effect_size": "small",
      "mean_diff": 0.002447509765625,
      "mean_diff_pct": 1.022906994541095
    }
  ],
  "relative_quality": {
    "30": {
      "quality_pct": 97.07880550312058,
      "speedup": 5.464898459286016
    },
    "75": {
      "quality_pct": 98.9770930054589,
      "speedup": 2.057388892380558
    },
    "150": {
      "quality_pct": 100.0,
      "speedup": 1.0
    }
  }
}